protein,locus,canon_label,scale_index,scale_level,region_id,rho,gated,beta,beta_se,tau2,sigma2_bar,a_signed,coherence,method,status
DENV2,CPLX/prot/NS3/Catalytic Triad/none/unknown/NS3:51,NS3:51,0,residue,CPLX/prot/NS3/Catalytic Triad/none/unknown/NS3:51,0.8,True,1.0,0.1,0.2,0.3,1.0,0.9,bayesian,gate_uncertain
DENV2,CPLX/prot/NS3/Catalytic Triad/none/unknown/NS3:51,NS3:51,1,secondary_structure,CPLX/prot/NS3/Catalytic Triad/none/unknown,0.82,False,1.1,0.1,0.2,0.3,2.0,0.9,bayesian,gate_uncertain
DENV2,CPLX/prot/NS3/Catalytic Triad/none/unknown/NS3:51,NS3:51,2,motif,CPLX/prot/NS3/Catalytic Triad/none,0.85,False,1.2,0.1,0.2,0.3,3.0,0.9,bayesian,gate_uncertain
DENV2,CPLX/prot/NS3/Catalytic Triad/none/unknown/NS3:51,NS3:51,3,domain,CPLX/prot/NS3/Catalytic Triad,0.88,False,1.3,0.1,0.2,0.3,4.0,0.9,bayesian,gate_uncertain
DENV2,CPLX/prot/NS3/Catalytic Triad/none/unknown/NS3:51,NS3:51,4,chain,CPLX/prot/NS3,0.9,False,1.4,0.1,0.2,0.3,5.0,0.9,bayesian,gate_uncertain
DENV2,CPLX/prot/NS3/Catalytic Triad/none/unknown/NS3:51,NS3:51,5,protein,CPLX/prot,0.92,False,1.5,0.1,0.2,0.3,6.0,0.9,bayesian,gate_uncertain
DENV2,CPLX/prot/NS3/Catalytic Triad/none/unknown/NS3:51,NS3:51,6,complex,CPLX,0.95,False,1.6,0.1,0.2,0.3,7.0,0.9,bayesian,gate_uncertain
DENV2,CPLX/prot/NS3/C-Terminal Tail/none/unknown/NS3:200,NS3:200,0,residue,CPLX/prot/NS3/C-Terminal Tail/none/unknown/NS3:200,0.3,False,1.0,0.1,0.2,0.3,-1.0,0.5,bayesian,gate_uncertain
DENV2,CPLX/prot/NS3/C-Terminal Tail/none/unknown/NS3:200,NS3:200,1,secondary_structure,CPLX/prot/NS3/C-Terminal Tail/none/unknown,0.35,False,1.1,0.1,0.2,0.3,-2.0,0.5,bayesian,gate_uncertain
DENV2,CPLX/prot/NS3/C-Terminal Tail/none/unknown/NS3:200,NS3:200,2,motif,CPLX/prot/NS3/C-Terminal Tail/none,0.4,False,1.2,0.1,0.2,0.3,-3.0,0.5,bayesian,gate_uncertain
DENV2,CPLX/prot/NS3/C-Terminal Tail/none/unknown/NS3:200,NS3:200,3,domain,CPLX/prot/NS3/C-Terminal Tail,0.7,True,1.3,0.1,0.2,0.3,-4.0,0.5,bayesian,gate_uncertain
DENV2,CPLX/prot/NS3/C-Terminal Tail/none/unknown/NS3:200,NS3:200,4,chain,CPLX/prot/NS3,0.75,False,1.4,0.1,0.2,0.3,-5.0,0.5,bayesian,gate_uncertain
DENV2,CPLX/prot/NS3/C-Terminal Tail/none/unknown/NS3:200,NS3:200,5,protein,CPLX/prot,0.8,False,1.5,0.1,0.2,0.3,-6.0,0.5,bayesian,gate_uncertain
DENV2,CPLX/prot/NS3/C-Terminal Tail/none/unknown/NS3:200,NS3:200,6,complex,CPLX,0.85,False,1.6,0.1,0.2,0.3,-7.0,0.5,bayesian,gate_uncertain
